{"cameraMode":{"drawMode":0,"name":"Shaded","section":"Shading Mode"},"sceneLighting":true,"audioPlay":false,"sceneViewState":{"showFog":true,"showMaterialUpdate":false,"showSkybox":true,"showFlares":true,"showImageEffects":true,"showParticleSystems":true},"in2DMode":false,"pivot":{"x":0.43702733516693118,"y":2.941638469696045,"z":-1.2259163856506348},"rotation":{"x":0.008973561227321625,"y":0.9906545877456665,"z":-0.10891860723495484,"w":0.08160731941461563},"size":4.938695430755615,"orthographic":false}