{"cameraMode":{"drawMode":0,"name":"Shaded","section":"Shading Mode"},"sceneLighting":false,"audioPlay":false,"sceneViewState":{"showFog":true,"showMaterialUpdate":false,"showSkybox":true,"showFlares":true,"showImageEffects":true,"showParticleSystems":true},"in2DMode":false,"pivot":{"x":6.690699577331543,"y":6.2482991218566898,"z":10.767074584960938},"rotation":{"x":0.36883071064949038,"y":-0.049613989889621738,"z":0.01971791498363018,"w":0.927962064743042},"size":2.437495708465576,"orthographic":false}