{"cameraMode":{"drawMode":0,"name":"Shaded","section":"Shading Mode"},"sceneLighting":true,"audioPlay":false,"sceneViewState":{"showFog":true,"showMaterialUpdate":false,"showSkybox":true,"showFlares":true,"showImageEffects":true,"showParticleSystems":true},"in2DMode":false,"pivot":{"x":188.3583984375,"y":125.89007568359375,"z":121.81626892089844},"rotation":{"x":0.21938273310661317,"y":0.6597301363945007,"z":-0.2106061428785324,"w":0.6872208714485169},"size":201.2882843017578,"orthographic":false}