{"cameraMode":{"drawMode":0,"name":"Shaded","section":"Shading Mode"},"sceneLighting":false,"audioPlay":false,"sceneViewState":{"showFog":true,"showMaterialUpdate":false,"showSkybox":true,"showFlares":true,"showImageEffects":true,"showParticleSystems":true},"in2DMode":false,"pivot":{"x":8.97637939453125,"y":72.2236328125,"z":24.220947265625},"rotation":{"x":0.19730521738529206,"y":-0.7999309301376343,"z":0.3618529140949249,"w":0.4361693263053894},"size":1467.9530029296875,"orthographic":false}