{"cameraMode":{"drawMode":0,"name":"Shaded","section":"Shading Mode"},"sceneLighting":false,"audioPlay":false,"sceneViewState":{"showFog":true,"showMaterialUpdate":false,"showSkybox":true,"showFlares":true,"showImageEffects":true,"showParticleSystems":true},"in2DMode":false,"pivot":{"x":55.38412857055664,"y":12.317864418029786,"z":-2.0361480712890627},"rotation":{"x":0.0034724047873169185,"y":-0.9962462186813355,"z":0.07185893505811691,"w":0.04814328998327255},"size":13.784168243408204,"orthographic":false}