{"cameraMode":{"drawMode":0,"name":"Shaded","section":"Shading Mode"},"sceneLighting":false,"audioPlay":false,"sceneViewState":{"showFog":true,"showMaterialUpdate":false,"showSkybox":true,"showFlares":true,"showImageEffects":true,"showParticleSystems":true},"in2DMode":false,"pivot":{"x":-2.76462459564209,"y":-1.5957610607147217,"z":2.8224406242370607},"rotation":{"x":0.39017197489738467,"y":-0.3152480721473694,"z":0.14419986307621003,"w":0.8529894351959229},"size":3.378101110458374,"orthographic":false}