{"cameraMode":{"drawMode":0,"name":"Shaded","section":"Shading Mode"},"sceneLighting":false,"audioPlay":false,"sceneViewState":{"showFog":true,"showMaterialUpdate":false,"showSkybox":true,"showFlares":true,"showImageEffects":true,"showParticleSystems":true},"in2DMode":false,"pivot":{"x":0.0,"y":-0.000013828277587890625,"z":0.000002384185791015625},"rotation":{"x":0.12060163915157318,"y":-0.8531144857406616,"z":0.22649486362934113,"w":0.45425882935523989},"size":8.200555801391602,"orthographic":false}