{"cameraMode":{"drawMode":0,"name":"Shaded","section":"Shading Mode"},"sceneLighting":false,"audioPlay":false,"sceneViewState":{"showFog":true,"showMaterialUpdate":false,"showSkybox":true,"showFlares":true,"showImageEffects":true,"showParticleSystems":true},"in2DMode":false,"pivot":{"x":49.92912292480469,"y":4.0199995040893559,"z":7.880000114440918},"rotation":{"x":0.022473609074950219,"y":-0.9772791266441345,"z":0.15972444415092469,"w":0.13750822842121125},"size":5.596595287322998,"orthographic":false}