{"cameraMode":{"drawMode":0,"name":"Shaded","section":"Shading Mode"},"sceneLighting":false,"audioPlay":false,"sceneViewState":{"showFog":true,"showMaterialUpdate":false,"showSkybox":true,"showFlares":true,"showImageEffects":true,"showParticleSystems":true},"in2DMode":false,"pivot":{"x":-27.27556800842285,"y":1.1911098957061768,"z":12.75273609161377},"rotation":{"x":0.11898093670606613,"y":-0.406460165977478,"z":0.0534776896238327,"w":0.9043084979057312},"size":2.0007476806640627,"orthographic":false}