{"cameraMode":{"drawMode":0,"name":"Shaded","section":"Shading Mode"},"sceneLighting":false,"audioPlay":false,"sceneViewState":{"showFog":true,"showMaterialUpdate":false,"showSkybox":true,"showFlares":true,"showImageEffects":true,"showParticleSystems":true},"in2DMode":false,"pivot":{"x":49.92912292480469,"y":4.0199995040893559,"z":7.880000114440918},"rotation":{"x":-0.20348404347896577,"y":-0.2403741478919983,"z":0.05161093920469284,"w":-0.947708249092102},"size":5.596595287322998,"orthographic":false}