{"cameraMode":{"drawMode":0,"name":"Shaded","section":"Shading Mode"},"sceneLighting":false,"audioPlay":false,"sceneViewState":{"showFog":true,"showMaterialUpdate":false,"showSkybox":true,"showFlares":true,"showImageEffects":true,"showParticleSystems":true},"in2DMode":false,"pivot":{"x":56.238441467285159,"y":-1.9236640930175782,"z":6.647712707519531},"rotation":{"x":-0.09097538888454437,"y":-0.7557427287101746,"z":0.639545738697052,"w":-0.10750651359558106},"size":10.193708419799805,"orthographic":false}