{"cameraMode":{"drawMode":0,"name":"Shaded","section":"Shading Mode"},"sceneLighting":false,"audioPlay":false,"sceneViewState":{"showFog":true,"showMaterialUpdate":false,"showSkybox":true,"showFlares":true,"showImageEffects":true,"showParticleSystems":true},"in2DMode":false,"pivot":{"x":7.7010931968688969,"y":0.00005644559860229492,"z":6.16306209564209},"rotation":{"x":0.4005942642688751,"y":0.04997539892792702,"z":-0.02189003862440586,"w":0.9146297574043274},"size":5.737496376037598,"orthographic":false}