{"cameraMode":{"drawMode":0,"name":"Shaded","section":"Shading Mode"},"sceneLighting":false,"audioPlay":false,"sceneViewState":{"showFog":true,"showMaterialUpdate":false,"showSkybox":true,"showFlares":true,"showImageEffects":true,"showParticleSystems":true},"in2DMode":false,"pivot":{"x":-2.575000047683716,"y":0.375,"z":0.424999862909317},"rotation":{"x":0.04470331594347954,"y":0.11274925619363785,"z":-0.005076693370938301,"w":0.9926044344902039},"size":11.130775451660157,"orthographic":false}