{"cameraMode":{"drawMode":0,"name":"Shaded","section":"Shading Mode"},"sceneLighting":false,"audioPlay":false,"sceneViewState":{"showFog":true,"showMaterialUpdate":false,"showSkybox":true,"showFlares":true,"showImageEffects":true,"showParticleSystems":true},"in2DMode":false,"pivot":{"x":54.902687072753909,"y":10.542455673217774,"z":20.5947265625},"rotation":{"x":0.05098085477948189,"y":-0.010496173053979874,"z":0.0005363192758522928,"w":0.9986443519592285},"size":20.614559173583986,"orthographic":false}