{"cameraMode":{"drawMode":0,"name":"Shaded","section":"Shading Mode"},"sceneLighting":false,"audioPlay":false,"sceneViewState":{"showFog":true,"showMaterialUpdate":false,"showSkybox":true,"showFlares":true,"showImageEffects":true,"showParticleSystems":true},"in2DMode":false,"pivot":{"x":-0.18035995960235597,"y":1.2740895748138428,"z":-0.02626216411590576},"rotation":{"x":0.12020977586507797,"y":-0.29687124490737917,"z":0.03770061954855919,"w":0.9465705156326294},"size":7.239683151245117,"orthographic":false}