{"cameraMode":{"drawMode":0,"name":"Shaded","section":"Shading Mode"},"sceneLighting":false,"audioPlay":false,"sceneViewState":{"showFog":true,"showMaterialUpdate":false,"showSkybox":true,"showFlares":true,"showImageEffects":true,"showParticleSystems":true},"in2DMode":false,"pivot":{"x":56.5253791809082,"y":1.8015084266662598,"z":4.500359535217285},"rotation":{"x":0.10122452676296234,"y":0.7098026275634766,"z":-0.10424360632896424,"w":0.6892511248588562},"size":3.3157670497894289,"orthographic":false}