{"cameraMode":{"drawMode":0,"name":"Shaded","section":"Shading Mode"},"sceneLighting":false,"audioPlay":false,"sceneViewState":{"showFog":true,"showMaterialUpdate":false,"showSkybox":true,"showFlares":true,"showImageEffects":true,"showParticleSystems":true},"in2DMode":false,"pivot":{"x":4.372069358825684,"y":1.578336477279663,"z":3.6044225692749025},"rotation":{"x":0.07065553218126297,"y":-0.20880630612373353,"z":0.015126503072679043,"w":0.9752839803695679},"size":13.781108856201172,"orthographic":false}