{"cameraMode":{"drawMode":0,"name":"Shaded","section":"Shading Mode"},"sceneLighting":false,"audioPlay":false,"sceneViewState":{"showFog":true,"showMaterialUpdate":false,"showSkybox":true,"showFlares":true,"showImageEffects":true,"showParticleSystems":true},"in2DMode":false,"pivot":{"x":-2.5023231506347658,"y":34.41148376464844,"z":-28.773252487182618},"rotation":{"x":0.22503569722175599,"y":0.4978037178516388,"z":-0.1355336457490921,"w":0.8265477418899536},"size":72.66736602783203,"orthographic":false}