{"cameraMode":{"drawMode":0,"name":"Shaded","section":"Shading Mode"},"sceneLighting":false,"audioPlay":false,"sceneViewState":{"showFog":true,"showMaterialUpdate":true,"showSkybox":true,"showFlares":true,"showImageEffects":true,"showParticleSystems":true},"in2DMode":false,"pivot":{"x":-3.064208984375,"y":3.5712623596191408,"z":0.039764404296875},"rotation":{"x":0.0098830321803689,"y":-0.6811362504959106,"z":0.009195907972753048,"w":0.732032299041748},"size":6.957234859466553,"orthographic":true}