{"cameraMode":{"drawMode":0,"name":"Shaded","section":"Shading Mode"},"sceneLighting":false,"audioPlay":false,"sceneViewState":{"showFog":true,"showMaterialUpdate":false,"showSkybox":true,"showFlares":true,"showImageEffects":true,"showParticleSystems":true},"in2DMode":false,"pivot":{"x":26.882551193237306,"y":4.849538326263428,"z":12.759971618652344},"rotation":{"x":0.2829580307006836,"y":-0.20653992891311646,"z":0.06253552436828613,"w":0.9345402121543884},"size":15.625953674316407,"orthographic":false}