{"cameraMode":{"drawMode":0,"name":"Shaded","section":"Shading Mode"},"sceneLighting":false,"audioPlay":false,"sceneViewState":{"showFog":true,"showMaterialUpdate":false,"showSkybox":true,"showFlares":true,"showImageEffects":true,"showParticleSystems":true},"in2DMode":false,"pivot":{"x":5.038857460021973,"y":0.9707765579223633,"z":0.4206352233886719},"rotation":{"x":0.4176132082939148,"y":0.0032583423890173437,"z":-0.001498329802416265,"w":0.9086177945137024},"size":14.26257038116455,"orthographic":false}