{"cameraMode":{"drawMode":0,"name":"Shaded","section":"Shading Mode"},"sceneLighting":false,"audioPlay":false,"sceneViewState":{"showFog":true,"showMaterialUpdate":false,"showSkybox":true,"showFlares":true,"showImageEffects":true,"showParticleSystems":true},"in2DMode":false,"pivot":{"x":45.74205017089844,"y":0.014209568500518799,"z":22.843507766723634},"rotation":{"x":0.20737633109092713,"y":-0.09958624839782715,"z":0.021226054057478906,"w":0.9729476571083069},"size":7.699154853820801,"orthographic":false}