{"cameraMode":{"drawMode":0,"name":"Shaded","section":"Shading Mode"},"sceneLighting":false,"audioPlay":false,"sceneViewState":{"showFog":true,"showMaterialUpdate":false,"showSkybox":true,"showFlares":true,"showImageEffects":true,"showParticleSystems":true},"in2DMode":false,"pivot":{"x":53.77658462524414,"y":5.571288108825684,"z":4.670163154602051},"rotation":{"x":0.028191406279802324,"y":-0.5325106382369995,"z":0.017749132588505746,"w":0.8457674980163574},"size":6.275507926940918,"orthographic":false}