{"cameraMode":{"drawMode":0,"name":"Shaded","section":"Shading Mode"},"sceneLighting":false,"audioPlay":false,"sceneViewState":{"showFog":true,"showMaterialUpdate":false,"showSkybox":true,"showFlares":true,"showImageEffects":true,"showParticleSystems":true},"in2DMode":false,"pivot":{"x":13.00589656829834,"y":6.646668910980225,"z":26.035499572753908},"rotation":{"x":-0.029312951490283014,"y":-0.3403015732765198,"z":-0.010614871047437191,"w":0.939799427986145},"size":22.06814956665039,"orthographic":false}