{"cameraMode":{"drawMode":0,"name":"Shaded","section":"Shading Mode"},"sceneLighting":false,"audioPlay":false,"sceneViewState":{"showFog":true,"showMaterialUpdate":false,"showSkybox":true,"showFlares":true,"showImageEffects":true,"showParticleSystems":true},"in2DMode":false,"pivot":{"x":75.86698913574219,"y":488.4599914550781,"z":0.0},"rotation":{"x":0.004218323156237602,"y":-0.9799429178237915,"z":0.1981387436389923,"w":0.020861156284809114},"size":228.4786834716797,"orthographic":false}