{"cameraMode":{"drawMode":0,"name":"Shaded","section":"Shading Mode"},"sceneLighting":false,"audioPlay":false,"sceneViewState":{"showFog":true,"showMaterialUpdate":true,"showSkybox":true,"showFlares":true,"showImageEffects":true,"showParticleSystems":true},"in2DMode":false,"pivot":{"x":-2.553339958190918,"y":2.2680628299713136,"z":0.32222115993499758},"rotation":{"x":0.12829351425170899,"y":-0.8662934303283691,"z":0.3893565833568573,"w":0.285443514585495},"size":3.792320966720581,"orthographic":true}