{"cameraMode":{"drawMode":0,"name":"Shaded","section":"Shading Mode"},"sceneLighting":false,"audioPlay":false,"sceneViewState":{"showFog":true,"showMaterialUpdate":false,"showSkybox":true,"showFlares":true,"showImageEffects":true,"showParticleSystems":true},"in2DMode":false,"pivot":{"x":44.38500213623047,"y":0.8500000238418579,"z":12.174941062927246},"rotation":{"x":0.2263207584619522,"y":-0.6062340140342712,"z":0.18553952872753144,"w":0.7394825220108032},"size":2.827086925506592,"orthographic":false}