{"cameraMode":{"drawMode":0,"name":"Shaded","section":"Shading Mode"},"sceneLighting":false,"audioPlay":false,"sceneViewState":{"showFog":true,"showMaterialUpdate":false,"showSkybox":true,"showFlares":true,"showImageEffects":true,"showParticleSystems":true},"in2DMode":false,"pivot":{"x":4.471999645233154,"y":1.3389999866485596,"z":2.680999755859375},"rotation":{"x":0.36883071064949038,"y":-0.049613989889621738,"z":0.01971791498363018,"w":0.927962064743042},"size":2.8630104064941408,"orthographic":false}