{"cameraMode":{"drawMode":0,"name":"Shaded","section":"Shading Mode"},"sceneLighting":false,"audioPlay":false,"sceneViewState":{"showFog":true,"showMaterialUpdate":false,"showSkybox":true,"showFlares":true,"showImageEffects":true,"showParticleSystems":true},"in2DMode":false,"pivot":{"x":20.96405792236328,"y":0.9020470380783081,"z":11.055068016052246},"rotation":{"x":0.13683241605758668,"y":-0.23476916551589967,"z":0.033399470150470737,"w":0.961792528629303},"size":2.4839446544647219,"orthographic":false}