{"cameraMode":{"drawMode":0,"name":"Shaded","section":"Shading Mode"},"sceneLighting":false,"audioPlay":false,"sceneViewState":{"showFog":true,"showMaterialUpdate":false,"showSkybox":true,"showFlares":true,"showImageEffects":true,"showParticleSystems":true},"in2DMode":false,"pivot":{"x":-0.19784201681613923,"y":2.3904881477355959,"z":-0.2376013994216919},"rotation":{"x":0.012175298295915127,"y":0.9846422672271729,"z":-0.15638335049152375,"w":0.07665305584669113},"size":0.8800522685050964,"orthographic":false}