{"cameraMode":{"drawMode":0,"name":"Shaded","section":"Shading Mode"},"sceneLighting":true,"audioPlay":false,"sceneViewState":{"showFog":true,"showMaterialUpdate":false,"showSkybox":true,"showFlares":true,"showImageEffects":true,"showParticleSystems":true},"in2DMode":false,"pivot":{"x":26.36038589477539,"y":0.6000000238418579,"z":6.149221897125244},"rotation":{"x":-0.20348404347896577,"y":-0.2403741478919983,"z":0.05161093920469284,"w":-0.947708249092102},"size":91.38690948486328,"orthographic":false}