{"cameraMode":{"drawMode":0,"name":"Shaded","section":"Shading Mode"},"sceneLighting":false,"audioPlay":false,"sceneViewState":{"showFog":true,"showMaterialUpdate":false,"showSkybox":true,"showFlares":true,"showImageEffects":true,"showParticleSystems":true},"in2DMode":false,"pivot":{"x":2.9320998191833498,"y":17.288755416870118,"z":-11.55662727355957},"rotation":{"x":-0.000046209774154704064,"y":0.9986531734466553,"z":-0.05187664180994034,"w":-0.0008876135689206421},"size":13.006865501403809,"orthographic":false}