{"cameraMode":{"drawMode":0,"name":"Shaded","section":"Shading Mode"},"sceneLighting":false,"audioPlay":false,"sceneViewState":{"showFog":true,"showMaterialUpdate":false,"showSkybox":true,"showFlares":true,"showImageEffects":true,"showParticleSystems":true},"in2DMode":false,"pivot":{"x":-5.6536078453063969,"y":3.7308311462402345,"z":-0.4520416259765625},"rotation":{"x":0.11898093670606613,"y":-0.406460165977478,"z":0.0534776896238327,"w":0.9043084979057312},"size":32.45082473754883,"orthographic":false}