{"cameraMode":{"drawMode":0,"name":"Shaded","section":"Shading Mode"},"sceneLighting":false,"audioPlay":false,"sceneViewState":{"showFog":true,"showMaterialUpdate":false,"showSkybox":true,"showFlares":true,"showImageEffects":true,"showParticleSystems":true},"in2DMode":false,"pivot":{"x":0.0,"y":1.435089111328125,"z":0.5692224502563477},"rotation":{"x":0.10351300239562988,"y":-0.8853436708450317,"z":0.3861842453479767,"w":0.2373044192790985},"size":19.057361602783204,"orthographic":false}