{"cameraMode":{"drawMode":0,"name":"Shaded","section":"Shading Mode"},"sceneLighting":false,"audioPlay":false,"sceneViewState":{"showFog":true,"showMaterialUpdate":false,"showSkybox":true,"showFlares":true,"showImageEffects":true,"showParticleSystems":true},"in2DMode":false,"pivot":{"x":13.00589656829834,"y":-4.176519870758057,"z":26.035497665405275},"rotation":{"x":-0.029312951490283014,"y":-0.3403015732765198,"z":-0.010614871047437191,"w":0.939799427986145},"size":54.301307678222659,"orthographic":false}