{"cameraMode":{"drawMode":0,"name":"Shaded","section":"Shading Mode"},"sceneLighting":false,"audioPlay":false,"sceneViewState":{"showFog":true,"showMaterialUpdate":false,"showSkybox":true,"showFlares":true,"showImageEffects":true,"showParticleSystems":true},"in2DMode":false,"pivot":{"x":0.5126405954360962,"y":0.30750393867492678,"z":-0.12647122144699098},"rotation":{"x":0.19730521738529206,"y":-0.7999309301376343,"z":0.3618529140949249,"w":0.4361693263053894},"size":3.5313339233398439,"orthographic":false}