{"cameraMode":{"drawMode":0,"name":"Shaded","section":"Shading Mode"},"sceneLighting":false,"audioPlay":false,"sceneViewState":{"showFog":true,"showMaterialUpdate":false,"showSkybox":true,"showFlares":true,"showImageEffects":true,"showParticleSystems":true},"in2DMode":false,"pivot":{"x":44.21552276611328,"y":0.070281982421875,"z":11.46255111694336},"rotation":{"x":0.010015844367444516,"y":-0.9598783254623413,"z":0.2780974507331848,"w":0.034570664167404178},"size":4.547451496124268,"orthographic":false}