{"cameraMode":{"drawMode":0,"name":"Shaded","section":"Shading Mode"},"sceneLighting":false,"audioPlay":false,"sceneViewState":{"showFog":true,"showMaterialUpdate":false,"showSkybox":true,"showFlares":true,"showImageEffects":true,"showParticleSystems":true},"in2DMode":false,"pivot":{"x":57.053462982177737,"y":5.791260242462158,"z":-4.315688133239746},"rotation":{"x":-0.004873829428106546,"y":-0.9783756136894226,"z":0.20547258853912354,"w":-0.02320452407002449},"size":17.52900505065918,"orthographic":false}