{"cameraMode":{"drawMode":0,"name":"Shaded","section":"Shading Mode"},"sceneLighting":false,"audioPlay":false,"sceneViewState":{"showFog":true,"showMaterialUpdate":false,"showSkybox":true,"showFlares":true,"showImageEffects":true,"showParticleSystems":true},"in2DMode":false,"pivot":{"x":22.127532958984376,"y":1.061381220817566,"z":9.945359230041504},"rotation":{"x":0.09722595661878586,"y":-0.2768478989601135,"z":0.02816801145672798,"w":0.9555674195289612},"size":8.359781265258789,"orthographic":true}