{"cameraMode":{"drawMode":0,"name":"Shaded","section":"Shading Mode"},"sceneLighting":false,"audioPlay":false,"sceneViewState":{"showFog":true,"showMaterialUpdate":false,"showSkybox":true,"showFlares":true,"showImageEffects":true,"showParticleSystems":true},"in2DMode":false,"pivot":{"x":1.0000001192092896,"y":0.5849999785423279,"z":0.0749998688697815},"rotation":{"x":0.21871212124824525,"y":0.00790504738688469,"z":-0.0017720835749059916,"w":0.9757558107376099},"size":3.7485880851745607,"orthographic":false}