{"cameraMode":{"drawMode":0,"name":"Shaded","section":"Shading Mode"},"sceneLighting":true,"audioPlay":false,"sceneViewState":{"showFog":true,"showMaterialUpdate":false,"showSkybox":true,"showFlares":true,"showImageEffects":true,"showParticleSystems":true},"in2DMode":false,"pivot":{"x":54.22910690307617,"y":0.5,"z":15.145599365234375},"rotation":{"x":0.04211219400167465,"y":-0.9555705785751343,"z":0.1694464236497879,"w":0.23748545348644257},"size":9.641358375549317,"orthographic":false}