{"cameraMode":{"drawMode":0,"name":"Shaded","section":"Shading Mode"},"sceneLighting":false,"audioPlay":false,"sceneViewState":{"showFog":true,"showMaterialUpdate":false,"showSkybox":true,"showFlares":true,"showImageEffects":true,"showParticleSystems":true},"in2DMode":false,"pivot":{"x":56.38999938964844,"y":0.8600000143051148,"z":7.048828125},"rotation":{"x":-0.0837847962975502,"y":0.9160007238388062,"z":-0.26687487959861758,"w":-0.2875770926475525},"size":2.8578836917877199,"orthographic":true}