{"cameraMode":{"drawMode":0,"name":"Shaded","section":"Shading Mode"},"sceneLighting":false,"audioPlay":false,"sceneViewState":{"showFog":true,"showMaterialUpdate":false,"showSkybox":true,"showFlares":true,"showImageEffects":true,"showParticleSystems":true},"in2DMode":false,"pivot":{"x":0.0,"y":0.2308349907398224,"z":0.12099099159240723},"rotation":{"x":0.10351300239562988,"y":-0.8853436708450317,"z":0.3861842453479767,"w":0.2373044192790985},"size":19.114303588867189,"orthographic":false}