{"cameraMode":{"drawMode":0,"name":"Shaded","section":"Shading Mode"},"sceneLighting":false,"audioPlay":false,"sceneViewState":{"showFog":true,"showMaterialUpdate":false,"showSkybox":true,"showFlares":true,"showImageEffects":true,"showParticleSystems":true},"in2DMode":false,"pivot":{"x":44.14741134643555,"y":-5.836886405944824,"z":12.138179779052735},"rotation":{"x":0.034411072731018069,"y":0.06890425831079483,"z":-0.0023781696800142528,"w":0.997026801109314},"size":29.75761604309082,"orthographic":true}