{"cameraMode":{"drawMode":0,"name":"Shaded","section":"Shading Mode"},"sceneLighting":false,"audioPlay":false,"sceneViewState":{"showFog":true,"showMaterialUpdate":false,"showSkybox":true,"showFlares":true,"showImageEffects":true,"showParticleSystems":true},"in2DMode":false,"pivot":{"x":55.85051727294922,"y":2.6741349697113039,"z":4.389525890350342},"rotation":{"x":0.13683241605758668,"y":-0.23476916551589967,"z":0.033399470150470737,"w":0.961792528629303},"size":6.377827167510986,"orthographic":false}