{"cameraMode":{"drawMode":0,"name":"Shaded","section":"Shading Mode"},"sceneLighting":false,"audioPlay":false,"sceneViewState":{"showFog":true,"showMaterialUpdate":false,"showSkybox":true,"showFlares":true,"showImageEffects":true,"showParticleSystems":true},"in2DMode":false,"pivot":{"x":-1.6885408163070679,"y":6.4962477684021,"z":-0.14412082731723786},"rotation":{"x":0.014770054258406163,"y":-0.4456792175769806,"z":0.007354513742029667,"w":0.89504075050354},"size":16.19481658935547,"orthographic":false}