{"cameraMode":{"drawMode":0,"name":"Shaded","section":"Shading Mode"},"sceneLighting":false,"audioPlay":false,"sceneViewState":{"showFog":true,"showMaterialUpdate":false,"showSkybox":true,"showFlares":true,"showImageEffects":true,"showParticleSystems":true},"in2DMode":false,"pivot":{"x":0.0,"y":0.1462494134902954,"z":-0.25047779083251955},"rotation":{"x":-0.2583235800266266,"y":0.6041327714920044,"z":-0.2160867154598236,"w":-0.7222182154655457},"size":11.839871406555176,"orthographic":false}