{"cameraMode":{"drawMode":0,"name":"Shaded","section":"Shading Mode"},"sceneLighting":false,"audioPlay":false,"sceneViewState":{"showFog":true,"showMaterialUpdate":false,"showSkybox":true,"showFlares":true,"showImageEffects":true,"showParticleSystems":true},"in2DMode":false,"pivot":{"x":55.20391845703125,"y":7.207662105560303,"z":4.127560138702393},"rotation":{"x":-0.0056747253984212879,"y":0.04407060518860817,"z":0.00024975353153422475,"w":0.999012291431427},"size":4.287240028381348,"orthographic":false}