{"cameraMode":{"drawMode":0,"name":"Shaded","section":"Shading Mode"},"sceneLighting":false,"audioPlay":false,"sceneViewState":{"showFog":true,"showMaterialUpdate":false,"showSkybox":true,"showFlares":true,"showImageEffects":true,"showParticleSystems":true},"in2DMode":false,"pivot":{"x":53.380550384521487,"y":1.7809185981750489,"z":-5.180248260498047},"rotation":{"x":0.022473609074950219,"y":-0.9772791266441345,"z":0.15972444415092469,"w":0.13750822842121125},"size":25.099008560180665,"orthographic":false}