{"cameraMode":{"drawMode":0,"name":"Shaded","section":"Shading Mode"},"sceneLighting":false,"audioPlay":false,"sceneViewState":{"showFog":true,"showMaterialUpdate":false,"showSkybox":true,"showFlares":true,"showImageEffects":true,"showParticleSystems":true},"in2DMode":false,"pivot":{"x":54.81139373779297,"y":2.9388253688812258,"z":9.776860237121582},"rotation":{"x":0.08692872524261475,"y":-0.41947922110557558,"z":0.04039543867111206,"w":0.9026897549629211},"size":15.902099609375,"orthographic":false}