{"cameraMode":{"drawMode":0,"name":"Shaded","section":"Shading Mode"},"sceneLighting":false,"audioPlay":false,"sceneViewState":{"showFog":true,"showMaterialUpdate":false,"showSkybox":true,"showFlares":true,"showImageEffects":true,"showParticleSystems":true},"in2DMode":false,"pivot":{"x":-0.9999999403953552,"y":0.44999998807907107,"z":-1.1920928955078126e-7},"rotation":{"x":0.10895730555057526,"y":0.7551626563072205,"z":-0.1299385130405426,"w":0.6332247853279114},"size":3.3774659633636476,"orthographic":false}