{"cameraMode":{"drawMode":0,"name":"Shaded","section":"Shading Mode"},"sceneLighting":false,"audioPlay":false,"sceneViewState":{"showFog":true,"showMaterialUpdate":false,"showSkybox":true,"showFlares":true,"showImageEffects":true,"showParticleSystems":true},"in2DMode":false,"pivot":{"x":3.943753957748413,"y":2.5875234603881838,"z":11.266738891601563},"rotation":{"x":-0.006905838381499052,"y":-0.9574234485626221,"z":-0.022982576861977578,"w":0.28768807649612429},"size":8.564854621887207,"orthographic":true}