{"cameraMode":{"drawMode":0,"name":"Shaded","section":"Shading Mode"},"sceneLighting":false,"audioPlay":false,"sceneViewState":{"showFog":true,"showMaterialUpdate":false,"showSkybox":true,"showFlares":true,"showImageEffects":true,"showParticleSystems":true},"in2DMode":false,"pivot":{"x":-214.99720764160157,"y":150.5626678466797,"z":113.30899047851563},"rotation":{"x":0.03967418894171715,"y":0.9485548138618469,"z":-0.1320386677980423,"w":0.28501853346824648},"size":22.0,"orthographic":false}