{"cameraMode":{"drawMode":0,"name":"Shaded","section":"Shading Mode"},"sceneLighting":false,"audioPlay":false,"sceneViewState":{"showFog":true,"showMaterialUpdate":false,"showSkybox":true,"showFlares":true,"showImageEffects":true,"showParticleSystems":true},"in2DMode":false,"pivot":{"x":43.92670822143555,"y":-8.972469329833985,"z":13.209476470947266},"rotation":{"x":0.21871212124824525,"y":0.00790504738688469,"z":-0.0017720835749059916,"w":0.9757558107376099},"size":26.693984985351564,"orthographic":true}