{"cameraMode":{"drawMode":0,"name":"Shaded","section":"Shading Mode"},"sceneLighting":false,"audioPlay":false,"sceneViewState":{"showFog":true,"showMaterialUpdate":false,"showSkybox":true,"showFlares":true,"showImageEffects":true,"showParticleSystems":true},"in2DMode":false,"pivot":{"x":-1.228053092956543,"y":-0.9293832778930664,"z":-1.4948197603225709},"rotation":{"x":-0.2856334149837494,"y":0.714093029499054,"z":-0.4400869905948639,"w":-0.4634740352630615},"size":6.5755839347839359,"orthographic":false}