{"cameraMode":{"drawMode":0,"name":"Shaded","section":"Shading Mode"},"sceneLighting":false,"audioPlay":false,"sceneViewState":{"showFog":true,"showMaterialUpdate":false,"showSkybox":true,"showFlares":true,"showImageEffects":true,"showParticleSystems":true},"in2DMode":false,"pivot":{"x":53.03207778930664,"y":9.031108856201172,"z":1.6408720016479493},"rotation":{"x":0.02533629909157753,"y":-0.9746376872062683,"z":0.1607932597398758,"w":0.1535741090774536},"size":13.261341094970704,"orthographic":false}