{"cameraMode":{"drawMode":0,"name":"Shaded","section":"Shading Mode"},"sceneLighting":true,"audioPlay":false,"sceneViewState":{"showFog":true,"showMaterialUpdate":false,"showSkybox":true,"showFlares":true,"showImageEffects":true,"showParticleSystems":true},"in2DMode":false,"pivot":{"x":14.373414993286133,"y":2.224424362182617,"z":64.2242660522461},"rotation":{"x":-0.32990607619285586,"y":0.08113513141870499,"z":-0.028473222628235818,"w":-0.9400895833969116},"size":41.28927993774414,"orthographic":false}