{"cameraMode":{"drawMode":0,"name":"Shaded","section":"Shading Mode"},"sceneLighting":false,"audioPlay":false,"sceneViewState":{"showFog":true,"showMaterialUpdate":false,"showSkybox":true,"showFlares":true,"showImageEffects":true,"showParticleSystems":true},"in2DMode":false,"pivot":{"x":53.238712310791019,"y":1.3560649156570435,"z":15.07905387878418},"rotation":{"x":0.14645029604434968,"y":0.5465229749679565,"z":-0.09775957465171814,"w":0.8187233805656433},"size":1.6311149597167969,"orthographic":false}