{"cameraMode":{"drawMode":0,"name":"Shaded","section":"Shading Mode"},"sceneLighting":true,"audioPlay":false,"sceneViewState":{"showFog":true,"showMaterialUpdate":false,"showSkybox":true,"showFlares":true,"showImageEffects":true,"showParticleSystems":true},"in2DMode":false,"pivot":{"x":6.43259859085083,"y":0.2347051501274109,"z":8.98923110961914},"rotation":{"x":0.10841857641935349,"y":-0.8684731125831604,"z":0.21806204319000245,"w":0.43179723620414736},"size":3.6060519218444826,"orthographic":true}