{"cameraMode":{"drawMode":0,"name":"Shaded","section":"Shading Mode"},"sceneLighting":false,"audioPlay":false,"sceneViewState":{"showFog":true,"showMaterialUpdate":false,"showSkybox":true,"showFlares":true,"showImageEffects":true,"showParticleSystems":true},"in2DMode":false,"pivot":{"x":-4.949999809265137,"y":4.172325134277344e-7,"z":9.899996757507325},"rotation":{"x":0.36883071064949038,"y":-0.049613989889621738,"z":0.01971791498363018,"w":0.927962064743042},"size":4.4550042152404789,"orthographic":false}