{"cameraMode":{"drawMode":0,"name":"Shaded","section":"Shading Mode"},"sceneLighting":false,"audioPlay":false,"sceneViewState":{"showFog":true,"showMaterialUpdate":false,"showSkybox":true,"showFlares":true,"showImageEffects":true,"showParticleSystems":true},"in2DMode":false,"pivot":{"x":47.38349151611328,"y":8.020000457763672,"z":9.899481773376465},"rotation":{"x":0.2829580307006836,"y":-0.20653992891311646,"z":0.06253552436828613,"w":0.9345402121543884},"size":36.64564514160156,"orthographic":false}