{"cameraMode":{"drawMode":0,"name":"Shaded","section":"Shading Mode"},"sceneLighting":false,"audioPlay":false,"sceneViewState":{"showFog":true,"showMaterialUpdate":false,"showSkybox":true,"showFlares":true,"showImageEffects":true,"showParticleSystems":true},"in2DMode":false,"pivot":{"x":55.563629150390628,"y":6.970209121704102,"z":0.1958909034729004},"rotation":{"x":0.004218323156237602,"y":-0.9799429178237915,"z":0.1981387436389923,"w":0.020861156284809114},"size":8.752398490905762,"orthographic":false}