{"cameraMode":{"drawMode":0,"name":"Shaded","section":"Shading Mode"},"sceneLighting":false,"audioPlay":false,"sceneViewState":{"showFog":true,"showMaterialUpdate":false,"showSkybox":true,"showFlares":true,"showImageEffects":true,"showParticleSystems":true},"in2DMode":false,"pivot":{"x":23.574743270874025,"y":2.4752774238586427,"z":13.560880661010743},"rotation":{"x":0.2258501648902893,"y":-0.2699296474456787,"z":0.06528930366039276,"w":0.9337381720542908},"size":7.820274829864502,"orthographic":false}