{"cameraMode":{"drawMode":0,"name":"Shaded","section":"Shading Mode"},"sceneLighting":false,"audioPlay":false,"sceneViewState":{"showFog":true,"showMaterialUpdate":false,"showSkybox":true,"showFlares":true,"showImageEffects":true,"showParticleSystems":true},"in2DMode":false,"pivot":{"x":-4.994715213775635,"y":0.625,"z":0.030663132667541505},"rotation":{"x":0.10954093933105469,"y":0.7523055672645569,"z":-0.12944690883159638,"w":0.636616587638855},"size":3.668236494064331,"orthographic":false}