{"cameraMode":{"drawMode":0,"name":"Shaded","section":"Shading Mode"},"sceneLighting":false,"audioPlay":false,"sceneViewState":{"showFog":true,"showMaterialUpdate":false,"showSkybox":true,"showFlares":true,"showImageEffects":true,"showParticleSystems":true},"in2DMode":false,"pivot":{"x":2.294001579284668,"y":2.2504053115844728,"z":17.545677185058595},"rotation":{"x":-0.0058886450715363029,"y":-0.969896674156189,"z":0.2423015534877777,"w":-0.02357681468129158},"size":40.139034271240237,"orthographic":false}