{"cameraMode":{"drawMode":0,"name":"Shaded","section":"Shading Mode"},"sceneLighting":false,"audioPlay":false,"sceneViewState":{"showFog":true,"showMaterialUpdate":false,"showSkybox":true,"showFlares":true,"showImageEffects":true,"showParticleSystems":true},"in2DMode":false,"pivot":{"x":56.21464538574219,"y":2.204416513442993,"z":4.437784671783447},"rotation":{"x":0.24085310101509095,"y":0.023859551176428796,"z":-0.0059235538356006149,"w":0.9702502489089966},"size":3.3478081226348879,"orthographic":false}