{"cameraMode":{"drawMode":0,"name":"Shaded","section":"Shading Mode"},"sceneLighting":false,"audioPlay":false,"sceneViewState":{"showFog":true,"showMaterialUpdate":false,"showSkybox":true,"showFlares":true,"showImageEffects":true,"showParticleSystems":true},"in2DMode":false,"pivot":{"x":54.728065490722659,"y":4.4319915771484379,"z":3.947242498397827},"rotation":{"x":0.12907414138317109,"y":0.32015910744667055,"z":-0.0440799705684185,"w":0.9374940395355225},"size":2.1331684589385988,"orthographic":false}