{"cameraMode":{"drawMode":0,"name":"Shaded","section":"Shading Mode"},"sceneLighting":false,"audioPlay":false,"sceneViewState":{"showFog":true,"showMaterialUpdate":false,"showSkybox":true,"showFlares":true,"showImageEffects":true,"showParticleSystems":true},"in2DMode":false,"pivot":{"x":55.79044723510742,"y":8.892306327819825,"z":5.09967565536499},"rotation":{"x":0.004218323156237602,"y":-0.9799429178237915,"z":0.1981387436389923,"w":0.020861156284809114},"size":11.379354476928711,"orthographic":false}