{"cameraMode":{"drawMode":0,"name":"Shaded","section":"Shading Mode"},"sceneLighting":true,"audioPlay":false,"sceneViewState":{"showFog":true,"showMaterialUpdate":false,"showSkybox":true,"showFlares":true,"showImageEffects":true,"showParticleSystems":true},"in2DMode":false,"pivot":{"x":44.55657196044922,"y":1.651902437210083,"z":8.985783576965332},"rotation":{"x":0.10503201186656952,"y":-0.8544626832008362,"z":0.1901778131723404,"w":0.4719049036502838},"size":23.947452545166017,"orthographic":false}