{"cameraMode":{"drawMode":0,"name":"Shaded","section":"Shading Mode"},"sceneLighting":false,"audioPlay":false,"sceneViewState":{"showFog":true,"showMaterialUpdate":false,"showSkybox":true,"showFlares":true,"showImageEffects":true,"showParticleSystems":true},"in2DMode":false,"pivot":{"x":-0.000004887580871582031,"y":0.9216156005859375,"z":-0.02201876789331436},"rotation":{"x":0.07356669008731842,"y":-0.7430446743965149,"z":0.08282198756933212,"w":0.6600099205970764},"size":4.148590087890625,"orthographic":false}