{"cameraMode":{"drawMode":0,"name":"Shaded","section":"Shading Mode"},"sceneLighting":false,"audioPlay":false,"sceneViewState":{"showFog":true,"showMaterialUpdate":false,"showSkybox":true,"showFlares":true,"showImageEffects":true,"showParticleSystems":true},"in2DMode":false,"pivot":{"x":23.107250213623048,"y":0.5974999666213989,"z":11.664005279541016},"rotation":{"x":0.21871212124824525,"y":0.00790504738688469,"z":-0.0017720835749059916,"w":0.9757558107376099},"size":87.71235656738281,"orthographic":false}