{"cameraMode":{"drawMode":0,"name":"Shaded","section":"Shading Mode"},"sceneLighting":false,"audioPlay":false,"sceneViewState":{"showFog":true,"showMaterialUpdate":false,"showSkybox":true,"showFlares":true,"showImageEffects":true,"showParticleSystems":true},"in2DMode":false,"pivot":{"x":55.99762725830078,"y":8.224205017089844,"z":4.37542724609375},"rotation":{"x":0.11870687454938889,"y":-0.7220635414123535,"z":0.1280389279127121,"w":0.6694318652153015},"size":2.7679905891418459,"orthographic":true}