{"cameraMode":{"drawMode":0,"name":"Shaded","section":"Shading Mode"},"sceneLighting":false,"audioPlay":false,"sceneViewState":{"showFog":true,"showMaterialUpdate":false,"showSkybox":true,"showFlares":true,"showImageEffects":true,"showParticleSystems":true},"in2DMode":false,"pivot":{"x":0.0,"y":-0.0000057220458984375,"z":9.5367431640625e-7},"rotation":{"x":0.12060163915157318,"y":-0.8531144857406616,"z":0.22649486362934113,"w":0.45425882935523989},"size":24.23322296142578,"orthographic":false}