{"cameraMode":{"drawMode":0,"name":"Shaded","section":"Shading Mode"},"sceneLighting":false,"audioPlay":false,"sceneViewState":{"showFog":true,"showMaterialUpdate":false,"showSkybox":true,"showFlares":true,"showImageEffects":true,"showParticleSystems":true},"in2DMode":false,"pivot":{"x":-1.9559900760650635,"y":0.9810036420822144,"z":-0.5678668022155762},"rotation":{"x":0.18958082795143128,"y":-0.02887415513396263,"z":0.005577146075665951,"w":0.9814246296882629},"size":3.4705862998962404,"orthographic":false}