{"cameraMode":{"drawMode":0,"name":"Shaded","section":"Shading Mode"},"sceneLighting":false,"audioPlay":false,"sceneViewState":{"showFog":true,"showMaterialUpdate":false,"showSkybox":true,"showFlares":true,"showImageEffects":true,"showParticleSystems":true},"in2DMode":false,"pivot":{"x":57.63359832763672,"y":2.1416099071502687,"z":4.78957462310791},"rotation":{"x":0.1277257353067398,"y":0.39615991711616518,"z":-0.055755313485860828,"w":0.9075433015823364},"size":4.215766906738281,"orthographic":false}