{"cameraMode":{"drawMode":0,"name":"Shaded","section":"Shading Mode"},"sceneLighting":false,"audioPlay":false,"sceneViewState":{"showFog":true,"showMaterialUpdate":false,"showSkybox":true,"showFlares":true,"showImageEffects":true,"showParticleSystems":true},"in2DMode":false,"pivot":{"x":-1.033403754234314,"y":-1.3448407649993897,"z":0.0963507890701294},"rotation":{"x":-0.2856334149837494,"y":0.714093029499054,"z":-0.4400869905948639,"w":-0.4634740352630615},"size":5.685427665710449,"orthographic":false}