{"cameraMode":{"drawMode":0,"name":"Shaded","section":"Shading Mode"},"sceneLighting":false,"audioPlay":false,"sceneViewState":{"showFog":true,"showMaterialUpdate":false,"showSkybox":true,"showFlares":true,"showImageEffects":true,"showParticleSystems":true},"in2DMode":false,"pivot":{"x":56.209999084472659,"y":1.0299999713897706,"z":4.409999847412109},"rotation":{"x":0.006000575143843889,"y":-0.02189655601978302,"z":0.0001312217937083915,"w":0.9997422695159912},"size":22.0,"orthographic":false}