{"cameraMode":{"drawMode":0,"name":"Shaded","section":"Shading Mode"},"sceneLighting":false,"audioPlay":false,"sceneViewState":{"showFog":true,"showMaterialUpdate":false,"showSkybox":true,"showFlares":true,"showImageEffects":true,"showParticleSystems":true},"in2DMode":false,"pivot":{"x":-5.404112815856934,"y":2.250825881958008,"z":3.102712631225586},"rotation":{"x":-0.35496729612350466,"y":0.2926093637943268,"z":-0.11802636831998825,"w":-0.880027174949646},"size":8.914329528808594,"orthographic":false}