{"cameraMode":{"drawMode":0,"name":"Shaded","section":"Shading Mode"},"sceneLighting":true,"audioPlay":false,"sceneViewState":{"showFog":true,"showMaterialUpdate":false,"showSkybox":true,"showFlares":true,"showImageEffects":true,"showParticleSystems":true},"in2DMode":false,"pivot":{"x":30.038908004760743,"y":16.758129119873048,"z":4.65625},"rotation":{"x":0.16867418587207795,"y":-0.013306128792464733,"z":0.0022772408556193115,"w":0.9855794906616211},"size":54.354427337646487,"orthographic":true}