{"cameraMode":{"drawMode":0,"name":"Shaded","section":"Shading Mode"},"sceneLighting":false,"audioPlay":false,"sceneViewState":{"showFog":true,"showMaterialUpdate":false,"showSkybox":true,"showFlares":true,"showImageEffects":true,"showParticleSystems":true},"in2DMode":false,"pivot":{"x":25.032726287841798,"y":1.2514514923095704,"z":14.46224308013916},"rotation":{"x":0.2665685713291168,"y":0.033822692930698398,"z":-0.009360945783555508,"w":0.9631768465042114},"size":2.3600540161132814,"orthographic":false}