{"cameraMode":{"drawMode":0,"name":"Shaded","section":"Shading Mode"},"sceneLighting":false,"audioPlay":false,"sceneViewState":{"showFog":true,"showMaterialUpdate":false,"showSkybox":true,"showFlares":true,"showImageEffects":true,"showParticleSystems":true},"in2DMode":false,"pivot":{"x":6.777663230895996,"y":0.8679220676422119,"z":6.0000810623168949},"rotation":{"x":0.11898093670606613,"y":-0.406460165977478,"z":0.0534776896238327,"w":0.9043084979057312},"size":52.530662536621097,"orthographic":false}