{"cameraMode":{"drawMode":0,"name":"Shaded","section":"Shading Mode"},"sceneLighting":false,"audioPlay":false,"sceneViewState":{"showFog":true,"showMaterialUpdate":false,"showSkybox":true,"showFlares":true,"showImageEffects":true,"showParticleSystems":true},"in2DMode":false,"pivot":{"x":3.828489303588867,"y":-4.790513038635254,"z":1.1930255889892579},"rotation":{"x":-0.03785134479403496,"y":0.9476142525672913,"z":0.1226252019405365,"w":0.2925022542476654},"size":94.4105224609375,"orthographic":false}