{"cameraMode":{"drawMode":0,"name":"Shaded","section":"Shading Mode"},"sceneLighting":true,"audioPlay":false,"sceneViewState":{"showFog":true,"showMaterialUpdate":false,"showSkybox":true,"showFlares":true,"showImageEffects":true,"showParticleSystems":true},"in2DMode":false,"pivot":{"x":53.44499969482422,"y":297.82000732421877,"z":0.0},"rotation":{"x":-0.011997432447969914,"y":-0.019497377797961236,"z":-0.00023398007033392787,"w":0.9997379183769226},"size":169.8491668701172,"orthographic":true}