{"cameraMode":{"drawMode":0,"name":"Shaded","section":"Shading Mode"},"sceneLighting":false,"audioPlay":false,"sceneViewState":{"showFog":true,"showMaterialUpdate":false,"showSkybox":true,"showFlares":true,"showImageEffects":true,"showParticleSystems":true},"in2DMode":false,"pivot":{"x":339.29998779296877,"y":139.8892822265625,"z":-17.31260871887207},"rotation":{"x":0.04470331594347954,"y":0.11274925619363785,"z":-0.005076693370938301,"w":0.9926044344902039},"size":358.190185546875,"orthographic":false}