{"cameraMode":{"drawMode":0,"name":"Shaded","section":"Shading Mode"},"sceneLighting":false,"audioPlay":false,"sceneViewState":{"showFog":true,"showMaterialUpdate":false,"showSkybox":true,"showFlares":true,"showImageEffects":true,"showParticleSystems":true},"in2DMode":false,"pivot":{"x":-177.84109497070313,"y":187.50340270996095,"z":154.4425048828125},"rotation":{"x":-0.03785134479403496,"y":0.9476142525672913,"z":0.1226252019405365,"w":0.2925022542476654},"size":40000.0,"orthographic":false}