{"cameraMode":{"drawMode":0,"name":"Shaded","section":"Shading Mode"},"sceneLighting":false,"audioPlay":false,"sceneViewState":{"showFog":true,"showMaterialUpdate":false,"showSkybox":true,"showFlares":true,"showImageEffects":true,"showParticleSystems":true},"in2DMode":false,"pivot":{"x":-0.0708770751953125,"y":0.6731481552124023,"z":6.923572540283203},"rotation":{"x":0.022473609074950219,"y":-0.9772791266441345,"z":0.15972444415092469,"w":0.13750822842121125},"size":5.5966010093688969,"orthographic":false}