{"cameraMode":{"drawMode":0,"name":"Shaded","section":"Shading Mode"},"sceneLighting":false,"audioPlay":false,"sceneViewState":{"showFog":true,"showMaterialUpdate":false,"showSkybox":true,"showFlares":true,"showImageEffects":true,"showParticleSystems":true},"in2DMode":false,"pivot":{"x":-0.80743408203125,"y":1.3499083518981934,"z":-0.8556629419326782},"rotation":{"x":0.1716194897890091,"y":-0.6492956280708313,"z":0.1537429541349411,"w":0.7247931361198425},"size":13.574061393737793,"orthographic":false}