{"cameraMode":{"drawMode":0,"name":"Shaded","section":"Shading Mode"},"sceneLighting":false,"audioPlay":false,"sceneViewState":{"showFog":true,"showMaterialUpdate":false,"showSkybox":true,"showFlares":true,"showImageEffects":true,"showParticleSystems":true},"in2DMode":false,"pivot":{"x":-0.5582876205444336,"y":0.8501510620117188,"z":-1.5320210456848145},"rotation":{"x":0.05546842887997627,"y":-0.9324317574501038,"z":0.3178240954875946,"w":0.16273315250873567},"size":9.915569305419922,"orthographic":false}