{"cameraMode":{"drawMode":0,"name":"Shaded","section":"Shading Mode"},"sceneLighting":false,"audioPlay":false,"sceneViewState":{"showFog":true,"showMaterialUpdate":false,"showSkybox":true,"showFlares":true,"showImageEffects":true,"showParticleSystems":true},"in2DMode":false,"pivot":{"x":0.8594393730163574,"y":0.6282808780670166,"z":-1.4112300872802735},"rotation":{"x":0.06857046484947205,"y":-0.9214656949043274,"z":0.19063575565814973,"w":0.33144697546958926},"size":6.331122398376465,"orthographic":false}