{"cameraMode":{"drawMode":0,"name":"Shaded","section":"Shading Mode"},"sceneLighting":true,"audioPlay":false,"sceneViewState":{"showFog":true,"showMaterialUpdate":false,"showSkybox":true,"showFlares":true,"showImageEffects":true,"showParticleSystems":true},"in2DMode":false,"pivot":{"x":45.66573715209961,"y":5.844405651092529,"z":6.665770530700684},"rotation":{"x":0.17901518940925599,"y":0.013281730934977532,"z":-0.0024166905786842109,"w":0.9837536811828613},"size":2.7304794788360597,"orthographic":false}