{"cameraMode":{"drawMode":0,"name":"Shaded","section":"Shading Mode"},"sceneLighting":false,"audioPlay":false,"sceneViewState":{"showFog":true,"showMaterialUpdate":false,"showSkybox":true,"showFlares":true,"showImageEffects":true,"showParticleSystems":true},"in2DMode":false,"pivot":{"x":55.86953353881836,"y":3.490053176879883,"z":8.180416107177735},"rotation":{"x":0.09100018441677094,"y":-0.09041183441877365,"z":0.008296419866383076,"w":0.9917035102844238},"size":3.1569111347198488,"orthographic":true}