{"cameraMode":{"drawMode":0,"name":"Shaded","section":"Shading Mode"},"sceneLighting":false,"audioPlay":false,"sceneViewState":{"showFog":true,"showMaterialUpdate":false,"showSkybox":true,"showFlares":true,"showImageEffects":true,"showParticleSystems":true},"in2DMode":false,"pivot":{"x":-0.00005459785461425781,"y":-1.3499999046325684,"z":0.8999997973442078},"rotation":{"x":0.36883071064949038,"y":-0.049613989889621738,"z":0.01971791498363018,"w":0.927962064743042},"size":6.4730916023254398,"orthographic":false}