{"cameraMode":{"drawMode":0,"name":"Shaded","section":"Shading Mode"},"sceneLighting":false,"audioPlay":false,"sceneViewState":{"showFog":true,"showMaterialUpdate":false,"showSkybox":true,"showFlares":true,"showImageEffects":true,"showParticleSystems":true},"in2DMode":false,"pivot":{"x":-1.75,"y":3.484999895095825,"z":0.2499997615814209},"rotation":{"x":0.20737633109092713,"y":-0.09958624839782715,"z":0.021226054057478906,"w":0.9729476571083069},"size":19.35154914855957,"orthographic":false}