{"cameraMode":{"drawMode":0,"name":"Shaded","section":"Shading Mode"},"sceneLighting":false,"audioPlay":false,"sceneViewState":{"showFog":true,"showMaterialUpdate":false,"showSkybox":true,"showFlares":true,"showImageEffects":true,"showParticleSystems":true},"in2DMode":false,"pivot":{"x":10.645000457763672,"y":1.3040000200271607,"z":-0.3330000042915344},"rotation":{"x":0.11898093670606613,"y":-0.406460165977478,"z":0.0534776896238327,"w":0.9043084979057312},"size":0.11667168140411377,"orthographic":false}