{"cameraMode":{"drawMode":0,"name":"Shaded","section":"Shading Mode"},"sceneLighting":false,"audioPlay":false,"sceneViewState":{"showFog":true,"showMaterialUpdate":false,"showSkybox":true,"showFlares":true,"showImageEffects":true,"showParticleSystems":true},"in2DMode":false,"pivot":{"x":55.845726013183597,"y":10.699491500854493,"z":5.66439151763916},"rotation":{"x":-0.004296557046473026,"y":-0.9956346154212952,"z":0.059814661741256717,"w":-0.07152292132377625},"size":2.134612560272217,"orthographic":false}