{"cameraMode":{"drawMode":0,"name":"Shaded","section":"Shading Mode"},"sceneLighting":false,"audioPlay":false,"sceneViewState":{"showFog":true,"showMaterialUpdate":false,"showSkybox":true,"showFlares":true,"showImageEffects":true,"showParticleSystems":true},"in2DMode":false,"pivot":{"x":5.0,"y":0.5666666626930237,"z":-1.1920928955078126e-7},"rotation":{"x":0.10663481801748276,"y":0.37683337926864626,"z":-0.043719880282878879,"w":0.9190833568572998},"size":3.5635592937469484,"orthographic":false}