{"cameraMode":{"drawMode":0,"name":"Shaded","section":"Shading Mode"},"sceneLighting":false,"audioPlay":false,"sceneViewState":{"showFog":true,"showMaterialUpdate":false,"showSkybox":true,"showFlares":true,"showImageEffects":true,"showParticleSystems":true},"in2DMode":false,"pivot":{"x":-3.908202648162842,"y":2.3330347537994386,"z":3.7157936096191408},"rotation":{"x":0.08943039923906326,"y":0.8985192775726318,"z":-0.21645613014698029,"w":0.37123048305511477},"size":-1.0055136680603028,"orthographic":false}