{"cameraMode":{"drawMode":0,"name":"Shaded","section":"Shading Mode"},"sceneLighting":false,"audioPlay":false,"sceneViewState":{"showFog":true,"showMaterialUpdate":false,"showSkybox":true,"showFlares":true,"showImageEffects":true,"showParticleSystems":true},"in2DMode":false,"pivot":{"x":28.067012786865236,"y":2.505983829498291,"z":28.176807403564454},"rotation":{"x":0.19730521738529206,"y":-0.7999309301376343,"z":0.3618529140949249,"w":0.4361693263053894},"size":13.631305694580079,"orthographic":false}