{"cameraMode":{"drawMode":0,"name":"Shaded","section":"Shading Mode"},"sceneLighting":false,"audioPlay":false,"sceneViewState":{"showFog":true,"showMaterialUpdate":false,"showSkybox":true,"showFlares":true,"showImageEffects":true,"showParticleSystems":true},"in2DMode":false,"pivot":{"x":53.15663146972656,"y":3.769115924835205,"z":5.869654655456543},"rotation":{"x":0.12993361055850984,"y":-0.4602075517177582,"z":0.06829183548688889,"w":0.8755927085876465},"size":13.470829010009766,"orthographic":false}