{"cameraMode":{"drawMode":0,"name":"Shaded","section":"Shading Mode"},"sceneLighting":false,"audioPlay":false,"sceneViewState":{"showFog":true,"showMaterialUpdate":false,"showSkybox":true,"showFlares":true,"showImageEffects":true,"showParticleSystems":true},"in2DMode":false,"pivot":{"x":57.257568359375,"y":1107.2548828125,"z":7.27978515625},"rotation":{"x":-0.16834817826747895,"y":0.7603917121887207,"z":-0.5883187651634216,"w":-0.21758754551410676},"size":117.49967193603516,"orthographic":true}