{"cameraMode":{"drawMode":0,"name":"Shaded","section":"Shading Mode"},"sceneLighting":false,"audioPlay":false,"sceneViewState":{"showFog":true,"showMaterialUpdate":false,"showSkybox":true,"showFlares":true,"showImageEffects":true,"showParticleSystems":true},"in2DMode":false,"pivot":{"x":22.145715713500978,"y":3.089794874191284,"z":9.9338960647583},"rotation":{"x":0.19712965190410615,"y":-0.2816227078437805,"z":0.05923641473054886,"w":0.9371870756149292},"size":6.121530532836914,"orthographic":false}