{"cameraMode":{"drawMode":0,"name":"Shaded","section":"Shading Mode"},"sceneLighting":false,"audioPlay":false,"sceneViewState":{"showFog":true,"showMaterialUpdate":false,"showSkybox":true,"showFlares":true,"showImageEffects":true,"showParticleSystems":true},"in2DMode":false,"pivot":{"x":2.961080551147461,"y":0.19498324394226075,"z":2.2538743019104006},"rotation":{"x":0.36883071064949038,"y":-0.049613989889621738,"z":0.01971791498363018,"w":0.927962064743042},"size":1.5857288837432862,"orthographic":false}