{"cameraMode":{"drawMode":0,"name":"Shaded","section":"Shading Mode"},"sceneLighting":false,"audioPlay":false,"sceneViewState":{"showFog":true,"showMaterialUpdate":false,"showSkybox":true,"showFlares":true,"showImageEffects":true,"showParticleSystems":true},"in2DMode":false,"pivot":{"x":1.3285820484161378,"y":0.6585304737091065,"z":-1.848323106765747},"rotation":{"x":0.06389191001653671,"y":-0.9305709004402161,"z":0.19689030945301057,"w":0.30197665095329287},"size":12.773889541625977,"orthographic":false}