{"cameraMode":{"drawMode":0,"name":"Shaded","section":"Shading Mode"},"sceneLighting":false,"audioPlay":false,"sceneViewState":{"showFog":true,"showMaterialUpdate":false,"showSkybox":true,"showFlares":true,"showImageEffects":true,"showParticleSystems":true},"in2DMode":false,"pivot":{"x":-207.82803344726563,"y":128.5944366455078,"z":111.67011260986328},"rotation":{"x":0.03967418894171715,"y":0.9485548138618469,"z":-0.1320386677980423,"w":0.28501853346824648},"size":16.503686904907228,"orthographic":false}