{"cameraMode":{"drawMode":0,"name":"Shaded","section":"Shading Mode"},"sceneLighting":false,"audioPlay":false,"sceneViewState":{"showFog":true,"showMaterialUpdate":false,"showSkybox":true,"showFlares":true,"showImageEffects":true,"showParticleSystems":true},"in2DMode":false,"pivot":{"x":3.0,"y":0.550000011920929,"z":0.0749998688697815},"rotation":{"x":0.21938273310661317,"y":0.6597301363945007,"z":-0.2106061428785324,"w":0.6872208714485169},"size":3.6904351711273195,"orthographic":false}