{"cameraMode":{"drawMode":0,"name":"Shaded","section":"Shading Mode"},"sceneLighting":false,"audioPlay":false,"sceneViewState":{"showFog":true,"showMaterialUpdate":false,"showSkybox":true,"showFlares":true,"showImageEffects":true,"showParticleSystems":true},"in2DMode":false,"pivot":{"x":19.41946029663086,"y":0.933910608291626,"z":10.719558715820313},"rotation":{"x":0.24085310101509095,"y":0.023859551176428796,"z":-0.0059235538356006149,"w":0.9702502489089966},"size":4.885747909545898,"orthographic":false}