{"cameraMode":{"drawMode":0,"name":"Shaded","section":"Shading Mode"},"sceneLighting":false,"audioPlay":false,"sceneViewState":{"showFog":true,"showMaterialUpdate":false,"showSkybox":true,"showFlares":true,"showImageEffects":true,"showParticleSystems":true},"in2DMode":false,"pivot":{"x":55.282894134521487,"y":3.3682074546813967,"z":4.707375526428223},"rotation":{"x":0.07937324047088623,"y":-0.5216130018234253,"z":0.04881799966096878,"w":0.848078191280365},"size":6.071483135223389,"orthographic":false}