{"cameraMode":{"drawMode":0,"name":"Shaded","section":"Shading Mode"},"sceneLighting":false,"audioPlay":false,"sceneViewState":{"showFog":true,"showMaterialUpdate":false,"showSkybox":true,"showFlares":true,"showImageEffects":true,"showParticleSystems":true},"in2DMode":false,"pivot":{"x":51.26807403564453,"y":3.8045456409454347,"z":1.3602170944213868},"rotation":{"x":0.11184148490428925,"y":-0.6316217184066773,"z":0.09276073426008225,"w":0.761538565158844},"size":9.91883373260498,"orthographic":false}