{"cameraMode":{"drawMode":0,"name":"Shaded","section":"Shading Mode"},"sceneLighting":false,"audioPlay":false,"sceneViewState":{"showFog":true,"showMaterialUpdate":false,"showSkybox":true,"showFlares":true,"showImageEffects":true,"showParticleSystems":true},"in2DMode":false,"pivot":{"x":24.18972396850586,"y":1.2750778198242188,"z":11.058560371398926},"rotation":{"x":0.20222090184688569,"y":-0.7964341044425964,"z":0.37622255086898806,"w":0.428084135055542},"size":6.62729549407959,"orthographic":false}