{"cameraMode":{"drawMode":0,"name":"Shaded","section":"Shading Mode"},"sceneLighting":false,"audioPlay":false,"sceneViewState":{"showFog":true,"showMaterialUpdate":false,"showSkybox":true,"showFlares":true,"showImageEffects":true,"showParticleSystems":true},"in2DMode":false,"pivot":{"x":-0.023502828553318979,"y":3.6036317348480226,"z":-3.748249053955078},"rotation":{"x":0.21428363025188447,"y":-0.019045662134885789,"z":0.00417906092479825,"w":0.9765768647193909},"size":0.503893256187439,"orthographic":false}