{"cameraMode":{"drawMode":0,"name":"Shaded","section":"Shading Mode"},"sceneLighting":false,"audioPlay":false,"sceneViewState":{"showFog":true,"showMaterialUpdate":false,"showSkybox":true,"showFlares":true,"showImageEffects":true,"showParticleSystems":true},"in2DMode":false,"pivot":{"x":-0.4840359687805176,"y":1.5649878978729249,"z":-0.3761601448059082},"rotation":{"x":0.10663481801748276,"y":0.37683337926864626,"z":-0.043719880282878879,"w":0.9190833568572998},"size":3.7022545337677,"orthographic":false}