{"cameraMode":{"drawMode":0,"name":"Shaded","section":"Shading Mode"},"sceneLighting":false,"audioPlay":false,"sceneViewState":{"showFog":true,"showMaterialUpdate":false,"showSkybox":true,"showFlares":true,"showImageEffects":true,"showParticleSystems":true},"in2DMode":false,"pivot":{"x":23.107250213623048,"y":0.5974999666213989,"z":11.664005279541016},"rotation":{"x":0.20737633109092713,"y":-0.09958624839782715,"z":0.021226054057478906,"w":0.9729476571083069},"size":87.71235656738281,"orthographic":false}