{"cameraMode":{"drawMode":0,"name":"Shaded","section":"Shading Mode"},"sceneLighting":false,"audioPlay":false,"sceneViewState":{"showFog":true,"showMaterialUpdate":false,"showSkybox":true,"showFlares":true,"showImageEffects":true,"showParticleSystems":true},"in2DMode":false,"pivot":{"x":48.40999984741211,"y":0.9500000476837158,"z":7.569999694824219},"rotation":{"x":0.13043947517871858,"y":-0.24419263005256654,"z":0.033167727291584018,"w":0.9603413343429565},"size":6.288189888000488,"orthographic":true}